1. Project name,2. Geography,3. UN Goal,4. Type of giving,5. Total Budget,6. Amount funded,7. Amount still to be funded,8. Distribution type,9. Start date,10. End date,11. Our contribution to this project,12. Funding status,13. Partnerships sponsor(s),14. Partnerships project manager,15. Partnerships consultant,16. Results objectives (KPI),17. Latest review SWOT Strength,18. Latest review SWOT Weaknesses,19. Latest review SWOT Opportunity,20. Latest review SWOT Threat,21. Latest review comments,22. Satisfaction Ranking overall,23. Satisfaction Ranking overall Strat,24. Satisfaction Ranking overall partners,25. Satisfaction Ranking overall organisation & processes,26. Satisfaction Ranking overall communication,27. Satisfaction comments,28. Other comments,29. Author,30. Date of last update,31. Contact details,32. Description,25. Satisfaction Ranking overall organization & processes,23. Satisfaction Ranking Strat,24. Satisfaction Ranking partners,25. Satisfaction Ranking organisation & processes,26. Satisfaction Ranking communication,1. Project Name,4. Type of Giving,6. Amount Funded,7. Amount Still to be Funded,8. Distribution Type,9. Start Date,10. End Date,11. Our Contribution to this Project,12. Funding Status,13. Partnerships Sponsor(s),14. Partnerships Project Manager,15. Partnerships Consultant,16. Results Objectives (KPI),17. Latest Review SWOT Strength,18. Latest Review SWOT Weakness,19. Latest Review SWOT Opportunity,20. Latest Review SWOT Threat,21. Latest Review Comments,22. Satisfaction Ranking Overall,23. Satisfaction Ranking Overall Strat,24. Satisfaction Ranking Overall Partners,25. Satisfaction Ranking Overall Organisation & Processes,26. Satisfaction Ranking Overall Communication,27. Satisfaction Comments,28. Other Comments,30. Date of Last Update,31. Contact Details
Donation: Africa Private Sector Forum on Forced Displacement 2023 [x],Africa,GOAL 16. Peace and Justice Strong Institutions,3. Corporate Social Responsibility (CSR),"$1,500,000 [x]","$1,000,000 [x]","$500,000 [x]",Per project,May 2023 [x],November 2023,60%,Open,"IKEA Foundation (40%), Inkomoko (40%), Amahoro Coalition (20%) [x]",John Doe,ABC Consulting Firm,To engage at least 500 private sector actors in displacement settings.,Strong backing from multiple sponsors and partners.,Limited engagement from the private sector.,Potential to create a large-scale impact on displacement settings.,Political instability in the region.,"The project is showing promise, but needs more engagement from the private sector.",7/10,8/10,6/10,7/10,9/10,"The project is well-organized, but communication between partners needs to be improved.",Looking forward to seeing the impact of this project on the ground.,Jane Smith,"June 15, 2024",jane.smith@ikeafoundation.org,"The IKEA Foundation is supporting the African Entrepreneur Collective, in collaboration with the Amahoro Coalition and UNHCR, to host the second African Private Sector Forum for Refugees. Through this forum the partners aim to build on and amplify the need to engage private sector actors in displacement setting.",,,,,,,,,,,,,,,,,,,,,,,,,,,,,,,,
The Funders Table [x],Global Programs (100%),GOAL 13. Climate Action,Corporate Social Responsibility (CSR),"$2,000,000 [x]","$1,200,000 [x]","$800,000 [x]",Per project,April 2023 [x],April 2026,60%,Open,"IKEA Foundation [x], contributing 40%",Dr. Jane Smith,Green Initiative Consulting,Reduction of greenhouse gas emissions by 20% in the next three years,High level of collaboration between major global foundations,"Lack of engagement from smaller, local foundations",Potential to influence policy on a global scale,Changes in political climate may affect funding and support,"Progress is commendable, although more local engagement is needed.",8/10,7/10,8/10,,8/10,"Overall, the project is performing well, with room for improvement in strategic planning.",Continued support and collaboration from all stakeholders is crucial for the success of the project.,Dr. John Doe,May 2024,j.doe@climateworks.org,"The Funders Table is the premier collaborative platform for the largest global foundations working on climate change mitigation. It is a high-trust community of philanthropic leaders with a purpose to examine climate trends, align climate mitigation strategies, identify opportunities for deepening investment, and share lessons learned.",9/10,,,,,,,,,,,,,,,,,,,,,,,,,,,,,,,
Just Transition Fund [x],"Continent - Africa, Asia; Countries - South Africa, Vietnam, Indonesia; Cities - Johannesburg, Hanoi, Jakarta.",GOAL 7. Affordable and Clean Energy,1. Traditional Philanthropy,"$1,000,000 USD [x]","$500,000 USD [x]","$500,000 USD [x]",Per project,April 2023 [x],April 2025,50%,Open,"IKEA Foundation (50%), ClimateWorks Foundation (50%) [x]",John Doe,ABC Consultancy,Reduction of CO2 emissions by 20% in 2 years,Strong partnerships with international foundations,Dependence on external funding,Possibility to expand the project to other countries,Political instability in project countries,"Project is on track, but more funding is needed to reach the targets",8/10,7/10,9/10,8/10,9/10,"Overall, the project has been well-received by stakeholders, with room for improvement in strategic planning.",The project has potential to greatly impact the energy sector in the target countries.,Jane Smith,1st June 2024,john.doe@climateworksfoundation.org,"The IKEA Foundation is collaborating with ClimateWorks Foundation to establish the Just Transition Fund. This fund will support the development and implementation of Just Energy Transition programmes in South Africa, Vietnam, and Indonesia.",,,,,,,,,,,,,,,,,,,,,,,,,,,,,,,,
Donation: Protracted Displacement in an Urban World (PDUW) 2023 [x],"Global Programs, with specific focus on Kenya and Uganda.",GOAL 13. Climate Action,Traditional Philanthropy,€192.85K [x],€195.82K [x],€0 [x],Per project,April 2023 [x],April 2025,100%,Closed,International Institute for Environment and Development contributes 100% [x],Dr. Hassan Muktar,Sustainable Development Solutions Network,To help 5000 refugees rebuild sustainable livelihoods within two years.,Strong collaboration with national and local governments.,Limited resources for an increasing number of refugees.,Potential to influence policy at a national level.,Political instability and climate change could increase the number of refugees.,The project is making significant progress despite challenges.,8/10,,8/10,9/10,8/10,"High satisfaction with the organization and processes, but there is room for improvement in strategy.",The project has potential for significant impact with increased funding.,Laura Thompson,May 2024,laura.thompson@ikeafoundation.org,"This donation supports the continued research, policy, and advocacy work of IIED with national and local governments in Kenya and Uganda to support refugees who have fled, often due to climate catastrophes, to rebuild sustainable livelihoods.",,7/10,,,,,,,,,,,,,,,,,,,,,,,,,,,,,,
BeGreen Africa [x],Continent - Africa; Country - Kenya; City - Not specified (let's say Nairobi),Goal 12. Responsible Consumption and Production,Corporate Social Responsibility (CSR),€1.90M [x],€947.51K [x],€952.49K [x],Per project,March 2023 [x],March 2025,50%,Open,UNICEF [x] (100% contribution),John Doe,ABC Consultancy,To develop the entrepreneurial skills in 10000 young individuals and to reduce waste generation by 50% in the next two years.,Strong partnership with UNICEF and local government.,Dependence on external funding sources.,High potential for waste reduction and job creation.,Political instability and lack of infrastructure.,The project has a promising start and is expected to make significant progress in the coming months.,7/10,7/10,8/10,7/10,8/10,"Overall, the project is running smoothly with minor challenges that are being addressed.",The project needs more visibility and awareness to attract more funding.,Jane Smith,2024-06-01,jane.smith@begreenafrica.com,"Together with Generation Unlimited and the Tony Elumelu Foundation, the IKEA Foundation is supporting the BeGreen Africa programme to develop the entrepreneurial skills in young people needed to accelerate the shift towards a green and circular economy. The partnership aims to generate employment, improve livelihoods and address the problem of waste through entrepreneurship in Kenya.",,,,,,,,,,,,,,,,,,,,,,,,,,,,,,,,
Building digital communications for climate reporting [x],"Europe (20%), North America (20%), South America (20%), Southeastern Asia (20%), Southern Asia (20%) [x]",Goal 13. Climate Action,4. Community Investing,$859.67K USD [x],$852.39K USD [x],$7.28K USD [x],Per project,March 2023 [x],March 2025,60%,Open,"IKEA Foundation (40%), Syli (40%), Private Donors (20%) [x]",John Doe,ABC Consulting,"Increase in local news stories on climate by 35%, Increase in audience engagement by 40%",Leveraging digital platforms for wider reach,Limited resources for content creation,Potential to influence public opinion on climate change,Misinformation or fake news regarding climate change,The project has been making steady progress. More resources are needed for content creation.,4/5,4.5/5,4/5,3.5/5,4.5/5,"Overall, partners are satisfied with the project's progress but suggest improving the organisation processes.",This project has the potential to make a significant impact on climate change awareness.,Jane Smith,May 2024,jane.smith@climatechange.com,"The partnership between Syli and the IKEA Foundation aims to increase the impact of climate journalism by supporting local news organisations to engage people by increasing fact-based, engaging and solutions oriented stories on climate.",,,,,,,,,,,,,,,,,,,,,,,,,,,,,,,,
Donation: Türkiye and northern Syria earthquake response [x],Global Programs (100%) - Specific to Türkiye (Turkey) and northern Syria [x],GOAL 3. Good Health and Well-being,Traditional Philanthropy,€10M [x],€10M [x],€0 [x],Per project,February 2023 [x],April 2023,100%,Closed,IKEA Foundation [x],John Doe,Emergency Response Consultancy Ltd.,Provide immediate relief and aid to the people affected by the earthquake in Türkiye and northern Syria.,Quick response and full funding provided by the IKEA Foundation.,Limited resources due to the magnitude of the earthquake.,Opportunity to collaborate with local agencies for efficient distribution of resources.,Political instability in the region could hamper relief efforts.,"Despite the challenges, the project was successful in reaching a large number of affected individuals.",8/10,7/10,9/10,8/10,7/10,"The project was well-executed, but there is room for improvement in communication and strategy.",The contribution from the IKEA Foundation was instrumental in the success of the project.,Jane Smith,May 2023,Jane.Smith@email.com,The IKEA Foundation provided an exceptional donation to the Médicins Sans Frontières emergency fund for their operations to help people affected by the earthquake in Türkiye and northern Syria.,,,,,,,,,,,,,,,,,,,,,,,,,,,,,,,,
Donation: Better Shelter for Türkiye-Syria earthquake response [x],"Global Programs, more specifically Türkiye and Syria",GOAL 11. Sustainable Cities and Communities,Traditional Philanthropy,€10M [x],€10M [x],€0 [x],Per project,February 2023 [x],December 2023,100%,Closed,"IKEA Foundation [x], contributing 100%",Ali Mustafa,The Humanitarian Aid Consultancy Group,"To provide temporary housing solutions, receptions centres, health facilities and facilities for education to 5,000 households affected by the earthquake.",Quick response and delivery of temporary shelters,"Limited to providing shelter and basic facilities, more comprehensive reconstruction is needed",Possibility to expand the project to other areas affected by natural disasters,Unpredictable nature of earthquakes and potential future disasters,"The project was executed effectively and timely, providing much-needed relief to the earthquake victims.",8/10,9/10,8/10,7/10,8/10,"Overall, the project was successful and met the objectives. However, there is room for improvement in terms of organization and processes.",Looking forward to more partnership opportunities with the IKEA Foundation.,Jane Doe,"March 15, 2024",jane.doe@better-shelter.org,"The IKEA Foundation supported Better Shelter to respond to the 2023 earthquake in southern Türkiye and northern Syria. With this support, Better Shelter donated 5,000 units to affected areas, providing people temporary housing solutions, receptions centres, health facilities and facilities for education.",,,,,,,,,,,,,,,,,,,,,,,,,,,,,,,,
Donation: Shine Campaign [x],"Global Programs. Considering the project's aim to end energy poverty, it's plausible that activities are focused in underdeveloped regions, including sub-Saharan Africa and parts of Asia.","Given the project's aim to end energy poverty, it aligns with GOAL 7. Affordable and Clean Energy.","Considering IKEA Foundation's involvement and the project's global reach, this falls under Corporate Social Responsibility (CSR).",€166.36K [x],€166.92K [x],€0.00 [x] (The project is fully funded),"Given the project's global reach, the funds are likely distributed 'Per project'.",February 2023 [x],"Assuming a project duration of two years, the plausible end date is February 2025.","Assuming IKEA Foundation as the primary funder, their contribution could be 100%.","Closed. Given that the project is fully funded, the funding status is likely closed.",Rockefeller Philanthropy Advisors [x] with a contribution of 100%.,Generated plausible manager's name: John Doe.,Generated plausible consultant's company: Energy Solutions International.,"The main objective is to end energy poverty in targeted regions, measured by the number of households gaining access to affordable and clean energy.",Strong partnership with Rockefeller Philanthropy Advisors and full funding secured.,Possible challenges in implementation due to the geographical spread of the project.,Significant potential to impact global energy poverty and contribute to UN's Sustainable Development Goals.,Economic instability in target regions might affect project implementation.,"The project is making good progress, with effective strategies in place.",8/10.,8/10.,9/10.,7/10.,7/10.,Partners are highly satisfied with the progress and the potential impact of the project.,None at this time.,Generated plausible author's name: Jane Smith.,"Assuming the update is made quarterly, the last update would have been in April 2024.",Generated plausible email address: shinecampaign@ikeafoundation.org.,The IKEA Foundation provided support to Rockefeller Philanthropy Advisors for the Shine global campaign to end energy poverty.,,,,,,,,,,,,,,,,,,,,,,,,,,,,,,,,
EAT-Lancet 2.0 [x],Global Programs,Zero Hunger,Corporate Social Responsibility (CSR),€3M [x],€1.50M [x],€1.50M [x],Per project,January 2023 [x],December 2025,50%,Open,IKEA Foundation [x] (50%) and EAT Foundation (50%),Dr. Elizabeth Thompson,Global Health & Nutrition Consulting Ltd.,To develop and implement a sustainable and healthy diet plan for a future population of 10 billion people.,Strong collaboration between IKEA Foundation and EAT Foundation.,Dependence on continued funding.,Potential to influence global nutrition and health policies.,Potential changes in global dietary preferences and climate change impacts.,"The project has shown significant progress, but there are challenges to overcome.",4 out of 5,3.5 out of 5,4.5 out of 5,4 out of 5,4.2 out of 5,"Overall, the project is well-managed, but there is room for improvement in strategic planning.",The project has the potential to make a significant impact on global health and nutrition.,Samuel Johnson,"June 1, 2024",samuel.johnson@ikeafoundation.org,The IKEA Foundation is partnering with the EAT Foundation to support the EAT-Lancet 2.0 Commission. This brings together leading scientists to investigate how to feed a future population of 10 billion people a healthy diet within planetary boundaries.,,,,,,,,,,,,,,,,,,,,,,,,,,,,,,,,
The Climate Story Fund [x],"Global Programs (not specified, so we can assume this project is worldwide)",GOAL 13. Climate Action,4. Community Investing,€3.95M [x],€1.71M [x],€2.24M [x],'Per project',January 2023 [x],December 2025,43.5%,Open,"IKEA Foundation (50%), Doc Society (50%)",Maria Gomez,Green Impact Consulting,Increase in climate action awareness by 30% in targeted communities,Unique storytelling approach tapping into underrepresented narratives,Limited reach in certain geographical areas,Potential to partner with global media entities for wider distribution,Changing political climates risking project execution,More localized engagement strategies are needed to increase impact,7.5/10,,,,,"Strong partnership with IKEA Foundation and Doc Society, more communication updates needed",Consider adding more local non-profit partners to increase reach,James Peterson,May 2024,climatefund@docsociety.org,The Doc Society’s Climate Fund tells climate stories from the perspectives of people and communities who are underrepresented in current narratives. The IKEA Foundation supports this work because we believe it has the potential to help convince a much broader group of people to take bold climate action.,,7/10,7.8/10,8/10,7.2/10,,,,,,,,,,,,,,,,,,,,,,,,,,,
Climate Resilience Roadmap [x],"Africa, Democratic Republic of the Congo (16%), Kenya (41%), Rwanda (24%), Uganda (19%).",GOAL 13. Climate Action,Traditional Philanthropy,€5.10M [x],€1.68M [x],€3.42M [x],Per project,January 2023 [x],December 2025,35%,Open,"IKEA Foundation (65%), Root Capital (35%) [x]",John Doe,ABC Consultancy,Increase climate resilience for 100 small agri-businesses; Improve business management skills for 500 farmers.,Strong network of small agri-businesses,Limited resources for business management training,Potential for expansion to other regions in Africa,Climate change impacts could be more severe than anticipated,"Good progress so far, need to focus on business management skills training.",8/10,7/10,8/10,8/10,9/10,"Overall, partners are satisfied with the progress and communication.",More resources are required for business management training.,Jane Smith,15th June 2024,jsmith@rootcapital.org,"The IKEA Foundation is supporting Root Capital to provide small agri-businesses in East Africa with finance and business management skills to help them adapt to climate change. These businesses collaborate on climate resilient farming with smallholder farmers, strengthening resilience throughout the supply chain.",,,,,,,,,,,,,,,,,,,,,,,,,,,,,,,,
Economic inclusion as a pathway to self-reliance [x],"Continent - Africa, Country - Kenya and South Sudan",GOAL 8. Decent Work and Economic Growth,Traditional Philanthropy,€1.90M [x],€1.38M [x],€0.52M [x],Per project,January 2023 [x],December 2025,72%,Open,"IKEA Foundation (80%), Norwegian Refugee Council (20%) [x]",John Doe,ABC Consultancy Services,"Increase in individual incomes by 50%, creation of 500 new jobs, training of 2000 individuals.","Strong partnership with global organizations, robust funding, and strategic geographical focus.",Challenges in implementation due to political instability and remote locations.,Potential for scalability and replication in other African countries.,"Risk of funds misappropriation, potential political interference.","The project is progressing well, with significant outreach in the targeted communities. However, security concerns remain a challenge.",4/5,4/5,4/5,4/5,4/5,"Overall, the project is well-received, and the partners are satisfied with the progress. However, there are suggestions for improving communication and reporting processes.",N/A,Jane Smith,February 2024,jane.smith@ikeafoundation.org,"The IKEA Foundation and the Norwegian Refugee Council are partnering to help forcibly displaced people and their host communities in Kenya and South Sudan to improve their livelihoods and self-reliance, while gathering evidence of what works.",,,,,,,,,,,,,,,,,,,,,,,,,,,,,,,,
Scaling standardized climate and sustainability disclosure [x],Global Programs,GOAL 13. Climate Action,3. Corporate Social Responsibility (CSR),€2.33M [x],€1.74M [x],€0.59M [x],Per project,December 2022 [x],December 2023,75%,Open,IKEA Foundation [x],Johanna Andersson,IFRS Foundation,Global standards for companies’ disclosure of sustainability-related risks and opportunities,Global reach and impact,Challenges in standardizing across varying environmental regulations,Driving global sustainability practices in companies,Resistance from businesses to comply,Remarkable progress in standardization efforts,8.5/10,8/10,9/10,8/10,8.5/10,"Excellent collaboration and execution, some improvements needed in communication",Looking forward to more progress in the coming year,Samuel Peterson,May 2024,samuel.peterson@ifrs.org,The IKEA Foundation supports the work of the IFRS Foundation’s International Sustainability Standards Board to develop global standards for companies’ disclosure of sustainability-related risks and opportunities to help investors make informed decisions.,,,,,,,,,,,,,,,,,,,,,,,,,,,,,,,,
Powering Health [x],"India, Asia",Goal 7. Affordable and Clean Energy,Traditional Philanthropy,€48M [x],€19.80M [x],€28.20M [x],Per project,December 2022 [x],December 2026,41.25%,Open,IKEA Foundation [x] (100% contribution),Rajesh Kumar,Green Energy Consulting Ltd.,"To integrate sustainable energy solutions, efficient equipment and energy design elements into 25,000 health care facilities across India by 2026.",Strong support from IKEA Foundation and local government.,Potential for supply chain disruptions due to volatile international markets.,"High potential for positive impact on Indian healthcare facilities, and setting an example for other countries.",Potential legal and regulatory risks in India.,"The project is progressing well, with a strong partnership with the IKEA Foundation.",8.5/10,8.8/10,8.3/10,8.2/10,8.6/10,"Overall, the partners are satisfied with the progress of the project and the support from the IKEA Foundation.",The project has the potential to significantly improve healthcare facilities in India.,Anita Desai,"June 15, 2024",anita.desai@selcofoundation.org,"The IKEA Foundation is supporting SELCO to integrate sustainable energy solutions, efficient equipment and energy design elements into 25,000 health care facilities across India by 2026.",,,,,,,,,,,,,,,,,,,,,,,,,,,,,,,,
Donation: Uganda Ebola emergency support [x],"Africa, Uganda, Kampala",GOAL 3. Good Health and Well-being,Traditional Philanthropy,"1,000,000 Euros [x]","1,000,000 Euros [x]",0 Euros [x],Per project,December 2022 [x],December 2023,100%,Closed,IKEA Foundation (100%) [x],John Doe,Global Health Consulting Ltd.,Reduction in Ebola cases by 50% within one year,Strong partnership with local health authorities,Limited resources for widespread community outreach,Opportunity for expansion of preventive measures in neighboring regions,Potential for resurgence of Ebola cases,The project has been successful in containing the spread of Ebola within Uganda.,4.5/5,4.2/5,4.6/5,4.3/5,4.4/5,"Overall, the project is well-organized and effectively managed. Communication between partners is commendable.",More efforts can be put into community outreach and awareness programs.,Jane Smith,"June 15, 2024",jane.smith@globalhealthconsulting.com,The IKEA Foundation provided an exceptional donation to the Médicins Sans Frontières emergency fund for their operations to prevent increased Ebola incidence across Uganda.,,,,,,,,,,,,,,,,,,,,,,,,,,,,,,,,
Donation: Uganda Ebola emergency support [x],"Africa, Uganda, Kampala [x]",GOAL 3. Good Health and Well-being,Traditional Philanthropy,€1M [x],€1M [x],€0 [x],Per project,December 2022 [x],December 2023,100%,Closed,IKEA Foundation [x],Dr. Joseph Kibwika,Médecins Sans Frontières (MSF) [x],Reduce Ebola incidence by 30% within a year,Quick response to Ebola outbreak,Limited resources for widespread implementation,Potential to expand healthcare infrastructure in Uganda,Potential for Ebola resurgence if not adequately contained,The project has been successful in curbing the spread of Ebola in the targeted communities.,8/10,8/10,7.5/10,7/10,9/10,"The project was well executed, but there is room for improvement in terms of resource allocation.",Consideration should be made for long-term healthcare infrastructure development.,Dr. Sarah Williams,May 2024,dr.sarah.williams@msf.org,The IKEA Foundation provided an exceptional donation to the Médicins Sans Frontières emergency fund for their operations to prevent increased Ebola incidence across Uganda.,,,,,,,,,,,,,,,,,,,,,,,,,,,,,,,,
[x] Sustainable Market Inclusive Livelihood Pathways to Self-Reliance (SMILES),"[x] Africa, Uganda, Kyangwali and Kyaka II Refugee Settlements",GOAL 1. No Poverty,Traditional Philanthropy,[x] €25M,[x] €9.61M,€15.39M,Per project,[x] November 2022,November 2025,38%,Open,IKEA Foundation (100%),John Doe,ABC Consulting Co.,"Improve the livelihoods and self-resilience of 10,000 participating residents by 2025.",Strong partnership with IKEA Foundation and AVSI Foundation.,Potential challenges in integrating the individual-upliftment graduation model with the market system development approach.,Opportunity for refugees to become self-reliant and improve their livelihoods.,Potential political instability or changes in refugee policy in Uganda.,"The project has shown strong initial results. However, ongoing support and monitoring are required to ensure the sustainability of the project.",8/10,8/10,9/10,8/10,7/10,"The project is well organized, and the communication among partners is good. However, there is a room for improvement.",The project has a great potential to create a significant impact on the lives of refugees and hosts in Uganda.,Jane Smith,"June 17, 2024",jane.smith@ikeafoundation.org,"AVSI Foundation and the IKEA Foundation work with refugees and host-community households in the Kyangwali and the Kyaka II Refugee Settlements in Uganda, delivering sustainable livelihoods through two simultaneous strategies: an ongoing individual-upliftment graduation model integrated with a market system development approach. Through these two approaches, the goal is to improve the livelihoods and self-resilience of participating residents.",,,,,,,,,,,,,,,,,,,,,,,,,,,,,,,,
Clean Air Fund [x],"Africa (20%), Asia (20%), Europe (25%), Global Programs (35%)",GOAL 13. Climate Action,Traditional Philanthropy,€38.55M [x],€5M [x],€33.55M [x],Per request,November 2022 [x],November 2027,50%,Open,"IKEA Foundation (50%), Clean Air Fund (50%) [x]",Dr. Emily Smith,Global Climate Consulting,"Reduce air pollution by 30% in targeted areas, improve the health of 1 million children and adults",Strong partnership with IKEA foundation and Clean Air Fund,Limited funding sources,Potential for expansion to other continents,Political instability in some targeted regions,The project is progressing well with significant potential for positive impacts.,8.5/10,7/10,9/10,8/10,8.5/10,Positive feedback on the project's objectives and impacts. Suggestions for more diverse funding sources.,The project shows promise in promoting climate action and improving health conditions.,John Doe,May 2024,cleanairfund@ikeafoundation.org,The IKEA Foundation is partnering with the Clean Air Fund to improve the health of children and adults by tackling air pollution and accelerating climate action.,,,,,,,,,,,,,,,,,,,,,,,,,,,,,,,,
Displaced Livelihoods Initiative [x],Global Programs (100%),GOAL 1. No Poverty,1. Traditional Philanthropy,€9.61M [x],€2.33M [x],€7.28M [x],Per project,November 2022 [x],November 2027,100%,Open,Innovations for Poverty Action (100%) [x],Dr. Amelia Roberts,Abdul Latif Jameel Poverty Action Lab (J-PAL),"Generate sustainable livelihoods for 100,000 displaced persons by 2027.",Strong partnership with experienced organizations.,High level of uncertainty due to the complex nature of displacement.,Potential to create a model for other organizations to follow.,Political instability in displacement areas.,"The project is progressing well, despite some initial challenges.",8/10,7/10,9/10,8/10,7/10,Partners are satisfied with the project's progress and the commitment of all stakeholders.,The project has the potential to make a significant impact on the lives of displaced persons.,Benjamin Thompson,15 June 2024,b.thompson@ikeafoundation.org,The IKEA Foundation is supporting Innovations for Poverty Action (IPA) and the Abdul Latif Jameel Poverty Action Lab (J-PAL) to create the world’s first dedicated research fund that will generate evidence on livelihoods interventions for displaced populations.,,,,,,,,,,,,,,,,,,,,,,,,,,,,,,,,
From Waste to Work [x],"Continent - Africa, Country - Kenya, City - Nairobi",Goal 12. Responsible Consumption and Production,Traditional Philanthropy,€3.73M [x],€2M [x],€1.73M [x],Per project,November 2022 [x],November 2025,70%,Open,"IKEA Foundation [x], VSO Nederland (30%)",John Doe,Sustainable Solutions Ltd.,Increase the amount of recycled waste by 30% within three years.,Empowering young entrepreneurs,Dependence on external funding,Expansion to other Kenyan cities,Potential lack of market for recycled products,The project is successfully addressing the problem of waste in Kenya and should be extended.,8/10,7/10,9/10,8/10,7/10,The project is well managed and the communication is clear.,Consider exploring new markets for the recycled products.,Jane Smith,May 2024,jane.smith@ikeafoundation.org,"In Kenya, a large amount of waste that could be recycled goes to landfills, where it emits high levels of methane. Young waste entrepreneurs are working to address this problem but lack skills, finance and access to fair markets for their products. Waste to Work addreseses these challenges and supports these entrepreneurs to grow their enterprises, link them with large recyclers and increase the amount of waste they collect and recycle.",,,,,,,,,,,,,,,,,,,,,,,,,,,,,,,,
Refugee-led Research Hub Nairobi [x],"Continent - Africa, Country - Kenya, City - Nairobi",Quality Education,Traditional Philanthropy,€1.05M [x],€1.05M [x],€0 [x],Per project,November 2022 [x],November 2025,100%,Closed,"IKEA Foundation [x], Contribution: 100%",Dr. James Mwangi,Oxford University Consultancy Services,Train and certify 50 researchers with lived experiences of displacement,Leveraging experienced researchers from the refugee community,Limited resources for extensive research,Opportunity to influence policy on refugee and forced migration studies,Potential political instability,The project has been successful in empowering researchers from displaced communities,4.5/5,4/5,5/5,4.5/5,4/5,The partners are satisfied with the progress of the project and the impact it's creating,More resources should be allocated to support more researchers,Dr. Sarah Williams,"June 1, 2024",s.williams@oxford.edu,The partnership between the University of Oxford and the IKEA Foundation supports East African researchers with lived experiences of displacement to become leaders in the field of refugee and forced migration studies.,,,,,,,,,,,,,,,,,,,,,,,,,,,,,,,,
[x] Self-reliance and resilience for refugees and host communities in Uganda,"[x] Uganda, Africa",GOAL 1. No Poverty,Corporate Social Responsibility (CSR),[x] €2.68M,[x] €870.54K,[x] €1.81M,Per project,[x] November 2022,November 2025,50%,Open,"[x] UNHCR, the UN Refugee Agency (70%), IKEA Foundation (30%)",John Doe,ABC Consulting Ltd.,Reduce poverty among refugees and host communities by 30% by the end of the project.,Strong partnership with UNHCR and local communities.,Limited resources for the large refugee population.,Potential for significant improvement in living conditions and livelihoods for refugees and host communities.,Political instability in the region.,The project has shown promising results with a significant number of refugees and host residents reporting better access to resources and improved living conditions.,8/10,7/10,9/10,8/10,8/10,High satisfaction with the project's impact on reducing poverty among refugees and host communities.,Further funding is needed to fully achieve the project's goals.,Jane Smith,15th June 2024,john.doe@unhcr.org,"UNHCR, the UN Refugee Agency, and the IKEA Foundation are working together in Uganda to help people forced to flee and their host communities build sustainable livelihoods and advocate for refugees’ rights to be applied.",,,,,,,,,,,,,,,,,,,,,,,,,,,,,,,,
"Scaling regenerative black soldier fly farming along with vegetable push-pull cropping systems in rural Kenya, Rwanda and Uganda [x]","Continent - Africa, Countries - Kenya (37%), Rwanda (28%), Uganda (35%)",GOAL 2. Zero Hunger,Donor-Advised Funds (DAFs),€5.10M [x],€2.08M [x],€3.02M [x],Per project,October 2022 [x],October 2027,40%,Open,"IKEA Foundation (60%), Anonymous Donor (40%) [x]",Dr. Jane Kiplagat,Green Growth Consultancy,"Increase in crop yield by 30%, Reduction in pesticide usage by 50%, Improvement in the livelihood of 5000 smallholder farmers.","Innovative approach to farming and pest control, strong partnership with IKEA Foundation.","Dependence on external funding, potential resistance from local communities to new farming methods.","Expansion to other African countries, potential for global recognition and additional funding.","Climate change affecting farming conditions, potential for local government policy changes affecting project feasibility.",The project is progressing well with positive feedback from participating farmers. Continued support and monitoring are necessary to ensure scalability and sustainability.,8.5/10,8/10,9/10,8.5/10,9/10,"Overall, stakeholders are satisfied with the project's progress. There is a need for enhanced community engagement to increase local support.",The project's innovative use of insects for farming has attracted global attention and can potentially be replicated in other regions.,Dr. Samuel Ochieng,1st June 2024,sam.ochieng@icipe.org,"ICIPE and the IKEA Foundation are scaling up two insect-based farming methods to help smallholder farmers in Kenya, Uganda and Rwanda improve both their health and livelihoods, while avoiding fertilisers and pesticides that harm the planet.",,,,,,,,,,,,,,,,,,,,,,,,,,,,,,,,
"Reduce, Reuse, Recycle Rice Initiative for Climate Smart Agriculture Phase Two (R4iCSA-II) [x]","Continent - Africa, Country - Kenya 50%, Uganda 50%.",GOAL 13. Climate Action,Corporate Social Responsibility (CSR),€5.54M [x],€1.74M [x],€3.8M [x],Per project,October 2022 [x],October 2025,70%,Open,"IKEA Foundation (70%), Kilimo Trust (30%) [x]",Samuel Ochieng,Jengo Consulting LTD,Transition 5000 farmers to regenerative rice farming methods by 2025,Strong partnership with Kilimo Trust and experienced project management team,Limited funding for the vast scale of the project,Regenerative farming methods could become a model for other regions,Climate change could negatively impact farming seasons,"The project is on track, but there is a need for additional funding to reach more farmers.",7/10,7/10,8/10,7/10,6/10,There is a need for better communication between all stakeholders.,"The project has a potential for high impact, but requires more support and funding.",Jane Doe,May 2024,janedoe@ikeafoundation.org,The IKEA Foundation is partnering with Kilimo Trust to support rice farmers in Kenya and Uganda to transition to regenerative rice farming methods that can improve their livelihoods while restoring and protecting the environment.,,,,,,,,,,,,,,,,,,,,,,,,,,,,,,,,
Regen10 [x],Global Programs (100%),GOAL 2. Zero Hunger,Corporate Social Responsibility (CSR),€6.01M [x],€4.27M [x],€1.74M [x],Per project,September 2022 [x],September 2025,15%,Open,"IKEA Foundation (85%) [x], Regen10 (15%)",John Doe,ABC Consultancy Ltd.,"Enhance food production efficiency, reduce greenhouse gas emissions from food production by 30%, and improve the livelihoods of 10,000 farmers.",Strong partnership with IKEA Foundation and Regen10,Limited local support in some regions,"Transform global food systems, benefiting people, nature, and climate.",Regulatory changes in global food systems,Project has made significant strides in developing a common outcomes framework.,7/10,8/10,7/10,6/10,7/10,There is room for improvement in organisation and processes.,More local support is needed to fully realize the project's objectives.,Jane Smith,"June 1, 2024",regen10_project@ikeafoundation.org,"The IKEA Foundation is partnering with Regen10 to identify what it takes to shift to regenerative approaches, develop a common outcomes framework and speed up the transformation of global food systems, so food is produced in ways that benefit people, nature and the climate.",,,,,,,,,,,,,,,,,,,,,,,,,,,,,,,,
Financial Inclusion Improves Livelihoods Out Of Plastics (FINILOOP) [x],"Asia, India, three unspecified cities",GOAL 12. Responsible Consumption and Production,Traditional Philanthropy,3.56M Euros (approximately 4.2M USD) [x],1M Euros (approximately 1.18M USD) [x],2.56M Euros (approximately 3.02M USD) [x],Per project,August 2022 [x],August 2025,28%,Open,"IKEA Foundation [x], WASTE [x] (50% contribution each)",Sunita Patel,EcoConsult India Pvt. Ltd.,"Increase plastic recycling rates by 75% in the target cities, establish sustainable livelihoods for 2000 informal waste workers by 2025","Established partnership with local waste management organizations, strong funding",Limited awareness about recycling among local population,Potential for scalability to other cities in India and Asia,"Political instability, potential resistance from local waste management mafia","Positive progress, need to intensify awareness campaigns",7/10,8/10,7/10,6/10,7/10,"Good initial progress, but need to improve communication among partners",Ensure safety and fair wages for informal waste workers,Madhav Sharma,"June 1, 2024",madhav.sharma@finiloop.org,The IKEA Foundation is partnering with WASTE to support three cities in India to increase plastic recycling rates while creating sustainable livelihoods for informal waste workers.,,,,,,,,,,,,,,,,,,,,,,,,,,,,,,,,
Green for Access First Loss Facility [x],Eastern Africa,GOAL 7. Affordable and Clean Energy,5. Venture Philanthropy,€2.31M [x],€2.07M [x],€240K [x],Per project,August 2022 [x],August 2025,90%,Open,"IKEA Foundation [x] (80%), Local government (20%)",John Doe,ABC Consulting Services,"Increase in renewable energy consumption by 30%, Improvement in livelihoods of 10,000 households","Strong backing from an internationally recognized foundation, IKEA",Dependence on local government support,High demand for renewable energy in Eastern Africa,Political instability may affect project implementation,"The project is progressing as planned, with some minor issues that are being addressed.",8/10,8/10,7/10,7/10,9/10,"Overall, the project is well-received and achieving its goals. Communication has been excellent.",Local government support could be improved.,Jane Smith,April 2024,janesmith@clasp.org,The IKEA Foundation is supporting CLASP to unlock local financing for renewable energy companies in Africa and their customers. This will empower people on low incomes to invest in solar appliances that can make their livelihoods more productive and enhance access to healthcare.,,,,,,,,,,,,,,,,,,,,,,,,,,,,,,,,
[x] Green for Access First Loss Facility,Eastern Africa (100%),GOAL 7. Affordable and Clean Energy,5. Venture Philanthropy,[x] €2.31M,[x] €2.07M,[x] €0.24M,Per project,[x] August 2022,August 2025,90%,Open,"[x] IKEA Foundation (70%), CLASP (30%)",John Doe,Green Energy Solutions Ltd.,"Increase access to renewable energy by 30,000 households in the first year.",Strong backing from reputable organizations,Limited local expertise in renewable energy,Large untapped market for renewable energy in East Africa,Regulatory changes in energy sector,"The project is on track, some minor issues with logistics.",4.5 out of 5,4 out of 5,4.2 out of 5,4.8 out of 5,4.3 out of 5,"Overall positive feedback, with some room for improvement in communication.",The project is well-received in the local communities.,Jane Smith,"June 3, 2024",jsmith@greenaccess.org,The IKEA Foundation is supporting CLASP to unlock local financing for renewable energy companies in Africa and their customers. This will empower people on low incomes to invest in solar appliances that can make their livelihoods more productive and enhance access to healthcare.,,,,,,,,,,,,,,,,,,,,,,,,,,,,,,,,
Accelerating climate action on boards [x],Global Programs,GOAL 13. Climate Action,3. Corporate Social Responsibility (CSR),€2.69M [x],€802.42K [x],€1.89M [x],Per project,August 2022 [x],August 2025,30%,Open,"IKEA Foundation [x], Contribution: 70%",Dr. James Patterson,"Hughes Hall, University of Cambridge [x]",Increase in corporate climate action initiatives by 50% by the end of project,Strong academic support and corporate sponsorship,Potential resistance from corporations to climate action,Opportunity to make significant impact on global climate change mitigation,Changes in global economic situation could affect funding,"Progressing as per the project timeline, increased corporate engagement observed",4/5,4/5,3.5/5,4/5,3.5/5,"Generally satisfied with project progress, room for improvement in partner engagement",Continued efforts needed to maintain corporate interest in climate action,Dr. Jane Smith,May 2024,jsmith@climateengagement.org,"The IKEA Foundation’s partnership with the Centre for Climate Engagement at Hughes Hall, University of Cambridge will empower company directors to steer their corporations to take effective climate action.",,,,,,,,,,,,,,,,,,,,,,,,,,,,,,,,
The power of business as a change agent for children’s rights [x],Global Programs (100%) [x],GOAL 10. Reduced Inequality,Corporate Social Responsibility (CSR),€1.3M [x],€300K [x],€1M [x],Per project,August 2022 [x],August 2026,80%,Open,"IKEA Foundation [x], Contribution: 60%, Other sponsors: Global Child Forum, Contribution: 40%",Richard Svensson,Children's Rights Advocacy Group,Enhance children's rights in 100 companies by 2025.,Strong corporate backing and worldwide reach.,Difficulty in monitoring and enforcing children's rights in all business operations.,Opportunity to set a new global standard for children's rights in business.,Possible resistance from businesses due to additional costs.,"Progress has been steady, but more active participation from businesses is required.",7/10,7/10,8/10,6/10,8/10,"Overall, partners express satisfaction with the project's direction and objectives but indicate room for improvement in organisational processes.",A more robust enforcement mechanism is needed to ensure businesses meet children's rights standards.,Anna Johansson,June 2024,anna.johansson@ikeafoundation.org,The Global Child Forum and the IKEA Foundation are supporting businesses to put children’s rights at the heart of their operations and to protect and promote these rights in their communities.,,,,,,,,,,,,,,,,,,,,,,,,,,,,,,,,
Green Entrepreneurship Accelerator Programme [x],"Asia, India, No specific city mentioned, let's assume New Delhi.",GOAL 13. Climate Action,Corporate Social Responsibility (CSR),€3.42M [x],€982.51K [x],€2.44M [x],Per project,August 2022 [x],August 2025,28.7%,Open,"IKEA Foundation (70%), TechnoServe (30%) [x]",Anand Patel,Green Tech Solutions Pvt Ltd,To reach and economically stabilize approximately 400 green small and growing businesses in India and increase their environmental impact.,Strong partnership with TechnoServe and the potential for significant environmental impact.,Limited geographic reach within India.,Expanding the project to other regions in India and potentially other countries.,Economic instability in the region can affect the progress of the project.,"The project has made significant progress in a short period, and it promises a good environmental impact.",8/10,8/10,8.5/10,7.5/10,7.5/10,The project is well managed and is on track to achieve its goals.,The project could benefit from an expanded geographical reach within India.,Rahul Sharma,September 2023,rahul.sharma@greenentrepreneurship.org,The IKEA Foundation is partnering with TechnoServe to help approximately 400 green small and growing businesses in India become economically sustainable and increase their environmental impact.,,,,,,,,,,,,,,,,,,,,,,,,,,,,,,,,
African Food Fellowship [x],"Continent - Africa, Country - Kenya & Rwanda, City - Not specified, let's choose Nairobi, Kenya and Kigali, Rwanda.",GOAL 2. Zero Hunger,Corporate Social Responsibility (CSR),€8.80M [x],€2.41M [x],€6.39M [x],Per project,August 2022 [x],August 2027,27%,Open,IKEA Foundation [x] (100%),Dr. Samuel Kariuki,Wasafiri Consulting,Increased productivity and sustainability in the agriculture sector in Kenya and Rwanda; Reduction in food insecurity in the target regions.,Strong collaboration with local communities and government agencies.,Limited resources for large scale implementation.,Possibility of expanding the project to other African countries facing food insecurity.,Climate change impact on agricultural productivity.,"The project shows great promise, but needs more funding to reach its full potential.",7/10,8/10,6/10,8/10,7/10,"Overall, the project is well-managed and has a clear strategic vision, but communication with partners could be improved.",The project could benefit from additional technical expertise in sustainable agriculture practices.,Dr. Jane Mwangi,May 2024,jane.mwangi@ikeafoundation.org,"The IKEA Foundation is supporting Wageningen University   Research and Wasafiri to develop the African Food Fellowship. The fellowship will empower local leaders in Kenya and Rwanda to transform food systems, so they are regenerative, circular and inclusive .",,,,,,,,,,,,,,,,,,,,,,,,,,,,,,,,
Livelihoods and Inclusion for Transformation (LIFT) in Northern Kenya [x],"Kenya, Africa, specifically Northern Kenya.",GOAL 1. No Poverty & GOAL 15. Life on Land,Corporate Social Responsibility (CSR),€10.17M [x],€4.55M [x],€5.62M [x],'Per project',August 2022 [x],August 2027,45%,Open,IKEA Foundation [x] with a 100% contribution.,John Doe,ABC Consulting Ltd.,To establish at least 100 green enterprises in Northern Kenya by 2025.,Strong partnership with a reputable organization (IKEA Foundation),Challenges in reaching remote areas in Northern Kenya.,Untapped green enterprise sector in the region.,Political instability and climate change.,"The project is on track, although challenges in logistics have been encountered.",7/10,8/10,7/10,6/10,7/10,"Generally satisfied, but improvement needed in communication.",The project has a high potential for positive environmental and social impact.,Jane Smith,"June 1, 2024",jane.smith@bomaproject.org,"The Boma Project and the IKEA Foundation are partnering to help people living in poverty in northern Kenya improve their livelihoods by setting up green enterprises that will improve their incomes and protect the environment, including critical forest ecosystems.",,,,,,,,,,,,,,,,,,,,,,,,,,,,,,,,
African Climate Foundation [x],Africa (100%),GOAL 13. Climate Action,Corporate Social Responsibility (CSR),€2.44M [x],€1.58M [x],"€860,000 [x]",Per project,August 2022 [x],August 2025,65%,Open,IKEA Foundation (100%) [x],John Doe,Climate Change Solutions Ltd.,"Reduction of CO2 emissions by 20% in the first year, improve resilience of 50 communities by the end of the project.",Robust local partnerships and strong community engagement.,Limited technology for monitoring and evaluation.,Opportunity to leverage further funding from other international organizations for expanded impact.,Political instability in certain regions may hamper project implementation.,"The project is progressing well with promising early results, although improved technology for monitoring and evaluation is recommended.",4/5,3/5,4/5,4/5,4.5/5,"The partners are satisfied with the progress, but recommend more strategic planning for long-term sustainability.",The project has the potential to create significant positive impacts for communities dealing with climate change in Africa.,Jane Smith,"June 1, 2024",africanclimate@foundation.org,The partnership between the African Climate Foundation and the IKEA Foundation supports an African-led climate development pathway that reduces and avoids emissions while helping communities to increase their resilience.,,,,,,,,,,,,,,,,,,,,,,,,,,,,,,,,
GPA Inclusive Evidence Programme [x],Global Programs (100%),Goal 7. Affordable and Clean Energy,Traditional Philanthropy,€534.11K [x],€374.87K [x],€159.24K [x],Per Project,July 2022 [x],July 2025,70%,Open,"IKEA Foundation (50%), UNITAR (50%) [x]",John Doe,Green Energy Consults Inc.,Increase the use of renewable energy by 30% in target communities,Effective collaboration with UNITAR,Slow implementation process,Potential for replication in other displaced communities,Political instability in some target locations,The project is progressing well despite some minor setbacks. Continuous monitoring and evaluation are necessary.,7/10,6/10,8/10,7/10,7/10,"The communication between partners has been excellent, but there's room for improvement in strategic planning.",The project has great potential to make a significant impact in improving the lives of displaced individuals through renewable energy.,Jane Smith,"June 1, 2024",jane.smith@greenenergyconsults.com,The IKEA Foundation is supporting a platform by the UN Institute for Training and Research (UNITAR) to gather evidence on how renewable energy programmes can improve the lives and livelihoods of people who have been forced to flee their homes.,,,,,,,,,,,,,,,,,,,,,,,,,,,,,,,,
Diesel genset disruption accelerator [x],"Global Programs (50%), India (25%), Nigeria (25%)",GOAL 7. Affordable and Clean Energy,Corporate Social Responsibility (CSR),€679.95K [x],€679.95K [x],$0 [x],Per project,July 2022 [x],July 2024,100%,Closed,IKEA Foundation (100%) [x],John Doe,Carbon Trust,Achieve full replacement of diesel generators in selected areas within two years,Strong corporate backing and clear sustainability objective,Reliance on specific regional markets,Expansion to other developing markets,Regulatory changes and market volatility,"Project is progressing as expected, with positive indications from target markets.",8/10,7/10,9/10,8/10,8/10,Most stakeholders are satisfied with the project's progress and communication.,Further expansion plans under consideration.,Jane Smith,May 2024,Jane.Smith@ikeafoundation.org,"The IKEA Foundation is supporting the Carbon Trust to design and kick-start its Zero Emission Generators (ZE-Gen) initiative, which aims to replace fossil fuel generators with renewable energy-based alternatives across Africa and Asia Pacific.",,,,,,,,,,,,,,,,,,,,,,,,,,,,,,,,
Global Methane Hub [x],"Since the project is referred to as ""Global Programs,"" it spans across multiple continents, countries, and cities.","Considering the project's focus on reducing methane emissions, it aligns with GOAL 13. Climate Action.","Given IKEA Foundation's involvement, this would likely fall under Corporate Social Responsibility (CSR).",€19.14M [x],€10.01M [x],"With €10.01M already funded from a total budget of €19.14M, the amount still needed is approximately €9.13M [x]","Given the global scale of the project, the distribution type would likely be 'Per project'.",June 2022 [x],"Given the scale and importance of the project, a plausible end date could be December 2025.",Let's assume our contribution to this project was 50%.,"Given the amount still needed, the funding status is likely Open.",The primary sponsor is the IKEA Foundation with a 100% contribution [x].,A plausible project manager could be Dr. Emma Green.,A suitable consultant company could be Environmental Impact Solutions Ltd.,Reduction of global methane emissions by 25% by 2025.,Strong financial backing from the IKEA Foundation.,Coordination challenges due to the global scale of the project.,Potential for significant impact on global climate change mitigation.,Regulatory hurdles in different countries may slow down progress.,"The project has made substantial progress, but improvements can be made in international coordination.",8/10,8/10,7/10,7/10,8/10,"Overall good performance, though there is room for improvement in partner coordination and process management.",The project has the potential to make a significant impact on climate change mitigation.,Dr. John Doe,"June 17, 2024",globalmethanehub@ikeafoundation.org,"The IKEA Foundation is a part of the Global Methane Hub, a major philanthropic initiative to support nations that have pledged to rapidly reduce their methane emissions.",,,,,,,,,,,,,,,,,,,,,,,,,,,,,,,,
XPF Programme [x],Global Programs (100%),Partnerships to achieve the Goal,Corporate Social Responsibility (CSR),€8.5M [x],€2.5M [x],€6M [x],Per project,June 2022 [x],June 2025,50%,Open,"IKEA Foundation [x] (70%), World Benchmarking Alliance (30%)",Dr. Roberta Stevens,Global Impact Strategies Inc.,Increase in number of companies contributing to UN's sustainable development goals by 60% by end of project.,Strong partnership with influential organizations.,Dependence on a limited number of funding sources.,Ability to influence a large number of companies globally.,Economic uncertainties affecting corporate philanthropy.,"Project is on track, but more diversified funding sources are recommended.",4/5,4.5/5,4/5,3.5/5,4/5,"Overall, most partners are satisfied with the project's progress and management.",More proactive communication strategy is suggested.,Lucy Johnson,"June 12, 2024",lucy.johnson@worldbenchmarkingalliance.org,"The IKEA Foundation is supporting the World Benchmarking Alliance to develop benchmarks that compare how the world’s 2,000 most influential companies are contributing to the UN’s sustainable development goals.",,,,,,,,,,,,,,,,,,,,,,,,,,,,,,,,
The “Global We” for Climate Action [x],"Global Programs (100%) - As it is a global program, the project is happening all around the world.","Given the project's focus on public engagement and climate conversations, it aligns with GOAL 13. Climate Action.","Considering the project's global reach and focus on public engagement, this seems to align best with 3. Corporate Social Responsibility (CSR).",€1.55M [x],€1.55M [x],"As the total budget and amount funded are the same, it is safe to assume there is no remaining amount to be funded [x].","Due to the nature of the project, the distribution is likely 'Per project'.",June 2022 [x],"Given the nature of the project, it's plausible the end date could be June 2024.","Given the information, it seems that we funded 100% of the project.","As the total budget and amount funded are the same, the funding status is 'Closed'.",The project is sponsored by the IKEA Foundation and the Museum for the United Nations – UN Live [x].,"For the purpose of this project, let's say the project manager is a fictional person named 'John Doe'.",The consultant for this project could be a fictional company named 'Global Climate Solutions Ltd'.,To engage at least 1 million people globally in climate conversations and inspire 50% of them to take personal actions towards climate change.,The project's strength is its global reach and ability to engage people in important climate conversations.,A potential weakness could be the challenge of tracking and measuring the impact of these conversations.,The project has the opportunity to foster a global community dedicated to climate action.,The main threat could be the lack of active participation from the public.,The project has been successful in initiating significant global conversations around climate action.,8.5/10,8/10,9/10,9/10,8/10,"The project has been well received overall, with high satisfaction ratings from partners and participants.",The project has demonstrated the power of conversation in driving climate action.,The author of this synthetic information could be a fictional individual named 'Jane Smith'.,"May 1, 2024",The contact for this project could be a fictional email address such as 'jdoe@unlive.org'.,"The IKEA Foundation is supporting “Global We for Climate Action”, an immersive public engagement experience by the Museum for the United Nations – UN Live, sparking inclusive global climate conversations, bringing together new voices in eye-to-eye conversations with those who are making and influencing decisions. It is a platform to share ideas and inspire new ways of working together to protect the planet.",,,,,,,,,,,,,,,,,,,,,,,,,,,,,,,,
XPF Programme [x],Global Programs,GOAL 17. Partnerships to achieve the Goal,Traditional Philanthropy,€8.50M [x],€2.50M [x],€6.00M [x],Per project,June 2022 [x],June 2025,30%,Open,"IKEA Foundation [x], UN Sustainable Development Solutions Network (20% contribution), Business and Sustainable Development Commission (15% contribution)",Dr. Alice Thompson,CSR Europe,To develop and implement sustainable benchmarking strategies for 2000 influential companies by 2025.,Strong backing and support from reputable international organizations.,Dependence on corporate transparency and willingness to share data.,Increasing global interest in corporate sustainability performance.,"Competitive benchmarking initiatives, potential lack of cooperation from targeted companies.","The project has shown promising progress, but requires more active engagement and transparency from participating companies.",4.5/5,4.2/5,4.7/5,4.6/5,4.8/5,"The project team has shown a strong commitment to achieving set objectives. However, more focus is needed on improving communication strategies.",The project has the potential to significantly influence corporate sustainability strategies globally if executed successfully.,James Patterson,May 2024,j.patterson@worldbenchmarkingalliance.org,"The IKEA Foundation is supporting the World Benchmarking Alliance to develop benchmarks that compare how the world’s 2,000 most influential companies are contributing to the UN’s sustainable development goals.",,,,,,,,,,,,,,,,,,,,,,,,,,,,,,,,
The “Global We” for Climate Action [x],Global Programs (100%),GOAL 13. Climate Action,3. Corporate Social Responsibility (CSR),€1.55M [x],€1.55M [x],$0 [x],'Per project',June 2022 [x],June 2024,100%,Closed,IKEA Foundation [x] (100% contribution),John Doe,Green Planet Consulting Ltd.,To spark inclusive global climate conversations and inspire new ways of working together to protect the planet.,Utilizes an immersive public engagement experience to promote climate action.,Limited reach in underdeveloped regions.,Potential to influence global climate policy through collective action.,Resistance from climate change deniers and lack of political will in some regions.,"The project has been successful in sparking global conversations about climate change. However, more efforts are needed to reach underdeveloped regions.",8/10,7/10,9/10,8/10,8/10,"Overall, the project has been well-received with high engagement rates. However, there is room for improvement in strategic planning.",The project is a unique initiative that presents an opportunity for individuals to directly engage in global climate conversations.,Jane Smith,"June 17, 2024",john.doe@unlive.org,"The IKEA Foundation is supporting “Global We for Climate Action”, an immersive public engagement experience by the Museum for the United Nations – UN Live, sparking inclusive global climate conversations, bringing together new voices in eye-to-eye conversations with those who are making and influencing decisions. It is a platform to share ideas and inspire new ways of working together to protect the planet.",,,,,,,,,,,,,,,,,,,,,,,,,,,,,,,,
"Knowledge, voices and actions to empower and create opportunities for migrants, refugees, and people in crisis [x]","Global Programs, unspecified location. Let's assume it is majorly focused on the Middle East, specifically Syria.",GOAL 10. Reduced Inequality,Traditional Philanthropy,€1.64M [x],€822.51K [x],€817.49K [x],'Per project',May 2022 [x],May 2025,70%,Open,"IKEA Foundation (60%), Overseas Development Institute (ODI) (40%) [x]",John Doe,ABC Consulting,"Empower 10,000 migrants and refugees by 2025 through policy changes and public opinion.",Strong partnership between IKEA Foundation and ODI,Lack of local governmental support,Potential to influence global policy on refugees and migrants.,Political instability in target locations,"The project has been making significant progress, however, there are challenges to be addressed.",7/10,6/10,8/10,7/10,7/10,There is a need for improved communication between partners.,The project has potential for great impact if all stakeholders work together.,Jane Smith,"June 1, 2024",jane.smith@ikeafoundation.org,The IKEA Foundation is working in partnership with ODI to advocate for changes in policy and public opinion that empower people who’ve been forced to flee to thrive in their new communities.,,,,,,,,,,,,,,,,,,,,,,,,,,,,,,,,
Efficiency for Access Coaltion [x],"East Africa and India - Specific countries: Ethiopia, Kenya, Rwanda, Tanzania, Uganda, and India.",Goal 7. Affordable and Clean Energy,Corporate Social Responsibility (CSR),€16.13M [x],€3.17M [x],€12.96M [x],Per project,May 2022 [x],May 2027,20%,Open,"IKEA Foundation [x] (50%), CLASP (30%), Other donors (20%)",John Doe [x],ABC Consulting [x],"Reduce emissions, improve productivity of livelihoods, and increase access to energy-efficient solar appliances [x]",Strong partnerships and substantial funding [x],Limited reach in rural areas [x],Expansion to other developing countries [x],Political instability in some regions [x],"The project has shown significant progress in its initial phase. However, there are opportunities for improvement, especially in expanding reach to rural areas. [x]",8/10,8/10,9/10,7/10,7/10,"Generally, the project is well-received, but there is room for improvement in communication and organizational processes.",The project has potential for expansion and could benefit from additional funding.,Jane Smith [x],"June 15, 2024 [x]",contact@efficiencyforaccess.com [x],"The Efficiency for Access Coalition helps people living in East Africa and India to improve the productivity of their livelihoods and reduce emissions by providing access to energy-efficient solar appliances, such as fridges and water pumps. The IKEA Foundation is one of the founding members of the Efficiency for Access Coalition.",,,,,,,,,,,,,,,,,,,,,,,,,,,,,,,,
Pioneer Energy Investment Initiative (PEII+) [x],"Eastern Africa (33%), India (34%), Western Africa (33%)",GOAL 7. Affordable and Clean Energy,Impact Investing,€14.07M [x],€4.17M [x],€9.9M [x],Per project,May 2022 [x],May 2027,60%,Open,"IKEA Foundation (70%), Acumen (30%) [x]",John Doe,XYZ Consulting,"Provide affordable solar-powered appliances to 500,000 households by the project end date.",Robust partnership and substantial funding,Logistic challenges in remote areas,Potential for expanding the project to other underdeveloped regions,Political instability in certain project areas,"The project is progressing as planned, but there are some logistical challenges that need to be addressed.",8/10,7/10,9/10,8/10,7/10,"Overall, the project is well-received by the communities, but more regular communication between the partners is needed.",There is a need for additional training for local staff to ensure the project's success.,Jane Smith,"June 1, 2024",Jane.Smith@email.com,"The partnership between Acumen and IKEA Foundation invests in companies that supply affordable solar-powered appliances to support communities living in poverty who don’t have access to reliable, modern and sustainable energy to help them increase their incomes and climate resilience.",,,,,,,,,,,,,,,,,,,,,,,,,,,,,,,,
Raising global ambition on just transitions and climate justice [x],Global Programs.,Climate Action.,Traditional Philanthropy.,€830.25K [x],€868.66K [x],€0 (As the project was overfunded) [x],Per project.,May 2022 [x],December 2023.,80%,Closed.,"IKEA Foundation [x], contributing 70% of the funding.",John Doe.,ABC Consultancy Services.,Reduction of global carbon emissions by 2%.,Strong partnership with a well-established foundation (IKEA Foundation).,Limited resources for implementation in developing countries.,Opportunity to expand the project to more countries.,Political instability in some regions that the project aims to reach.,The project has been successful in raising awareness about climate justice and has potential for expansion.,8/10.,7/10.,8/10.,9/10.,7/10.,Partners are happy with the project's progress and impact; improvements could be made in communication.,"The project has overachieved its funding goal, indicating strong support and belief in its mission.",Jane Smith.,"June 1, 2023.",john.doe@climatejustice.org.,The IKEA Foundation is supporting the Climate Justice Resilience Fund (CJRF) in its efforts to enhance philanthropic engagement on issues around climate justice and just transition.,,,,,,,,,,,,,,,,,,,,,,,,,,,,,,,,
The Global Cities Fund for Inclusive Climate Action & institutional support to the Mayors Migration Council [x],"Global Programs, focusing on Africa",GOAL 13. Climate Action,Corporate Social Responsibility (CSR),€1.81M [x],€1.54M [x],€0.27M [x],Per project,May 2022 [x],May 2024,85%,Open,"IKEA Foundation [x], contributing 60% and other sponsors contributing the remaining 25%",Dr. Charles Banda,African Climate Policy Centre (ACPC),"Improve living conditions for migrants, refugees and displaced people; Increase the amount of investment and resources allocated to city governments across Africa.",Strong backing from corporate sponsors and city governments.,Limited resources in comparison to the scale of the issue.,Potential to attract more interest and funding as climate change becomes a more pressing issue globally.,Political instability in certain regions of Africa.,"Progressing steadily, though resource limitations are a significant challenge.",8/10,8/10,8/10,7/10,9/10,"The project has been well-received by city governments and other stakeholders, and communication between partners is strong.",More resources are needed to fully address the issue.,Jane Doe,"June 1, 2024",janedoe@email.com,"The IKEA Foundation is partnering with the Mayors Migration Council to support migrants, refugees and displaced people affected by the climate crisis by driving investment and resources to city governments across Africa.",,,,,,,,,,,,,,,,,,,,,,,,,,,,,,,,
,Eastern Africa,Goal 8. Decent Work and Economic Growth,,1.84 Million Euros [x],,,,,,,,,,,,,,,,,,,,,,,,Dr. Jane Patterson,,,"As part of the #LetThemWork initiative, the Center for Global Development and Refugees International are researching the barriers that refugees and forcibly displaced people face in achieving economic and social inclusion within host countries. The IKEA Foundation is supporting their work to help refugees overcome those barriers and improve their livelihoods.",,,,,,#LetThemWork [x],Traditional Philanthropy,924.47K Euros [x],915.53K Euros [x],Per Project,April 2022 [x],April 2025,50%,Open,IKEA Foundation [x],Dr. Samuel Abuya,Refugees International,To reduce barriers for refugees and forcibly displaced people in achieving economic and social inclusion within host countries by 50% by the end of the project.,Strong backing of IKEA Foundation and robust research capabilities of Center for Global Development,Potential resistance from host communities,Policy reform to enhance refugee integration in host countries,Political instability in the region,The project is progressing well with significant findings being documented. More efforts needed in community sensitization.,8/10,8/10,7/10,8/10,8/10,"Overall, the project is well-organized and communication is efficient. However, there could be increased engagement with partners.",The focus should now be on implementing the research findings to enhance refugees' livelihoods.,June 2023,janepatterson@cgd.org
Communicating to Save Lives [x],"Global Programs, Worldwide",GOAL 3. Good Health and Well-being,3. Corporate Social Responsibility (CSR),€3.69M [x],€3.69M [x],€0.00 [x],Per project,April 2022 [x],April 2024,100%,Closed,"IKEA Foundation [x], Contribution: 100%",John Doe,ABC Consultancy,To strengthen the global communications infrastructure and engage vulnerable communities with life-saving public health messages.,Effective global communication reach,Dependency on digital communication channels,Expansion of communication channels,Potential language barriers,The project has proven effective in reaching vulnerable communities with critical public health information.,9/10,8.5/10,9.5/10,8/10,9/10,The project has been successful in achieving its objectives and has been well-received by partners.,The model used in this project can be used as a blueprint for future public health emergencies.,Jane Smith,"June 1, 2024",janesmith@ikeafoundation.org,"In response to COVID-19 the IKEA Foundation is supporting Purpose’s work to strengthen the global communications infrastructure and engage vulnerable communities with life-saving public health messages, ensuring that the learnings from this work are captured and can be used in the future if needed.",,,,,,,,,,,,,,,,,,,,,,,,,,,,,,,,
FoodFlow Programme [x],"Africa, Kenya [x]",GOAL 2. Zero Hunger,Corporate Social Responsibility (CSR),€2.86M [x],€970.32K [x],€1.89M [x],Per project,April 2022 [x],March 2025,34%,Open,"IKEA Foundation [x] (66%), Enviu Nederland [x] (34%)",John Doe,Green Future Consultancy,"Increase in farmers' income by 50%, 100% adoption of regenerative farming practices in the targeted area, 30% reduction in environmental degradation.",Strong partnership with IKEA Foundation and Enviu.,Dependence on external funding.,Expansion to other agricultural sectors and regions.,"Unpredictable climate conditions, political instability.",The project is progressing well with farmers showing interest in adopting new farming practices.,8/10,8.5/10,7.5/10,8/10,8.5/10,Overall satisfaction is high with minor improvements needed in partner collaboration.,More frequent updates would be appreciated.,Jane Smith,"June 15, 2024",info@foodflowprogramme.org,"Enviu and the IKEA Foundation are supporting farmers in Kenya to adopt a regenerative food production system that will improve their livelihoods and resilience, while restoring the natural environment.",,,,,,,,,,,,,,,,,,,,,,,,,,,,,,,,
